Helmet Allmountain,Italy,2016
Helmet Race FIS,UK,2016
Helmet Race FIS,Germany,2016
Helmet Allmountain,Germany,2016
Helmet Race FIS,USA,2016
Helmet Race FIS,USA,2016
Helmet Allmountain,Italy,2016
Helmet Allmountain,UK, 2016
Helmet Allmountain,UK,2016
Helmet Race FIS,Italy,2016
Helmet Race FIS,Japan,2016
Helmet Race FIS,UK,2016
Helmet Allmountain,Germany,2016
Helmet Race FIS,Japan,2016
Helmet Race FIS,Italy,2016
Helmet Allmountain,Germany,2016
Helmet Race FIS,Italy,2016
Helmet Allmountain,Germany,2016
Helmet Race FIS,USA,2016
Allround,Japan,2016
Allround,UK,2016
Allround,USA,2016
Allround,USA,2016
Helmets Race,South Korea,2016
Helmets Race,Japan,2016
Allround,Italy,2016
Helmets Race,USA,2016
Helmet Allmountain,Germany,2016
Helmets Race,Japan,2016
Helmets Race,USA,2016